ROLE_ADMIN_MANAGE_PLATFORM_READ,Read access- view platform status,
ROLE_ADMIN_MANAGE_PLATFORM_ADMIN,Admin access - force scan health check,
ROLE_ADMIN_MANAGE_USERS_READ,Read access - real all users,
ROLE_ADMIN_MANAGE_USERS_EDIT,Edit access - create/update any user,
ROLE_ADMIN_MANAGE_USERS_ADMIN,Admin access - delete users,
ROLE_ADMIN_MANAGE_PROCESS_IMPORT,Import access - import process - import stages,
ROLE_ADMIN_MANAGE_PROCESS_READ,Read access - view process list/ export/ show history/ read node/actions/templateconfig/sequences/swimlanes - view stages,
ROLE_ADMIN_MANAGE_PROCESS_EDIT,Create/Edit access- create/ clone/ edit/ edit-settings-general-data/ edit-settings-task-management /edit-settings-swimlane/ crete/edit/delete node/actions/templateconfig/sequences/swimlanes - create/edit stages,
ROLE_ADMIN_MANAGE_PROCESS_ADMIN,Admin access - publish/ delete/edit-settings-sensitive-data - delete stages,
ROLE_ADMIN_MANAGE_CONFIG_IMPORT,Import access - import generic parameters menu item,
ROLE_ADMIN_MANAGE_CONFIG_READ,Read access - view generic parameters menu item/ export generic parameters menu item,
ROLE_ADMIN_MANAGE_CONFIG_EDIT,Edit access - create/edit generic parameters menu item,
ROLE_ADMIN_MANAGE_CONFIG_ADMIN,Admin access - delete generic parameters menu item,
ROLE_ENGINE_MANAGE_INSTANCE_READ,Read access - view process instances,
ROLE_ENGINE_MANAGE_INSTANCE_ADMIN,Admin access - token retry,
ROLE_LICENSE_MANAGE_READ,Read access - view license report,
ROLE_LICENSE_MANAGE_EDIT,Edit access - update license model - sync license data,
ROLE_LICENSE_MANAGE_ADMIN,Admin access - download license data,
ROLE_CMS_CONTENT_IMPORT,Import access - import enumeration/substitution tags/ content models,
ROLE_CMS_CONTENT_READ,Read access - show enumeration/substitution tags/ content models - export enumeration/substitution tags/ content models,
ROLE_CMS_CONTENT_EDIT,Edit access - create/edit enumeration/substitution tags/ content models,
ROLE_CMS_CONTENT_ADMIN,Admin access - delete enumerations/substitution tags/ content models,
ROLE_CMS_TAXONOMIES_READ,Read access - view enumerations/substitution tags/ content models,
ROLE_CMS_TAXONOMIES_EDIT,Edit access - create/edit enumerations / substitution tags/ content models,
ROLE_CMS_TAXONOMIES_IMPORT,Import access - import numerations/substitution tags/ content models,
ROLE_CMS_TAXONOMIES_ADMIN,Admin access - create/edit/delete languages/source systems,
ROLE_MEDIA_LIBRARY_READ,Read access - view assets,
ROLE_MEDIA_LIBRARY_EDIT,Edit access - edit assets,
ROLE_MEDIA_LIBRARY_ADMIN,Admin access - delete assets,
ROLE_MEDIA_LIBRARY_IMPORT,Import access - import assets ,
ROLE_THEMES_ADMIN,Admin access- delete fonts,
ROLE_THEMES_EDIT,Edit access - create/edit fonts,
ROLE_THEMES_READ,Read access - view fonts,
ROLE_THEMES_IMPORT,Import access - import fonts,
ROLE_TASK_MANAGER_TASKS_READ,Read access - menu item show task management,
ROLE_TASK_MANAGER_HOOKS_IMPORT,Import access - import hooks,
ROLE_TASK_MANAGER_HOOKS_READ,Read access - show hooks - export hooks,
ROLE_TASK_MANAGER_HOOKS_EDIT,Edit access - create/edit hooks,
ROLE_TASK_MANAGER_HOOKS_ADMIN,Admin access - delete hooks,
ROLE_TASK_MANAGER_PROCESS_ALLOCATION_SETTINGS_READ,Read access - read/export allocation rules,
ROLE_TASK_MANAGER_PROCESS_ALLOCATION_SETTINGS_EDIT,Edit access - create/edit allocation rules,
ROLE_TASK_MANAGER_PROCESS_ALLOCATION_SETTINGS_ADMIN,Admin access - delete allocation rules,
ROLE_TASK_MANAGER_PROCESS_ALLOCATION_SETTINGS_IMPORT,Import access - import allocation rules,
ROLE_TASK_MANAGER_OOO_READ,Read access - view out-of-office records,
ROLE_TASK_MANAGER_OOO_EDIT,Edit access - view out-of-office records,
ROLE_TASK_MANAGER_OOO_ADMIN,Admin access - view out-of-office records,
ROLE_NOTIFICATION_TEMPLATES_IMPORT,Import access - clone as draft / import,
ROLE_NOTIFICATION_TEMPLATES_READ,Read access - show history - export /list-template,
ROLE_NOTIFICATION_TEMPLATES_EDIT,Edit access - create/edit template,
ROLE_NOTIFICATION_TEMPLATES_ADMIN,Admin access - publish - delete template,
ROLE_MANAGE_NOTIFICATIONS_IMPORT,Import access - import notifications,
ROLE_MANAGE_NOTIFICATIONS_READ, Read access - view notifications - export notifications                    ,
ROLE_MANAGE_NOTIFICATIONS_EDIT,Edit access - create/edit notifications                 ,
ROLE_MANAGE_NOTIFICATIONS_ADMIN,Admin access - delete notifications           ,
ROLE_DOCUMENT_TEMPLATES_IMPORT,Import access - clone as draft - import,
ROLE_DOCUMENT_TEMPLATES_READ,Read access - show history - export / list-template,
ROLE_DOCUMENT_TEMPLATES_EDIT,Edit access - create/edit template,
ROLE_DOCUMENT_TEMPLATES_ADMIN,Admin access - publish - delete template,
ROLE_ADMIN_MANAGE_INTEGRATIONS_READ,Read access - show integrations,
ROLE_ADMIN_MANAGE_INTEGRATIONS_EDIT,Edit access - create/edit integrations,
ROLE_ADMIN_MANAGE_INTEGRATIONS_IMPORT,"Import access - import
ROLE_ADMIN_MANAGE_INTEGRATIONS_ADMIN""",Admin access - delete integrations
